{"stats":{"minecraft:killed_by":{"minecraft:zombie":1},"minecraft:broken":{"create:super_glue":1,"minecraft:iron_boots":3,"minecraft:iron_chestplate":1,"minecraft:iron_leggings":1,"minecraft:diamond_pickaxe":1,"minecraft:iron_helmet":3,"mutantmonsters:mutant_skeleton_skull":1,"minecraft:stone_pickaxe":4},"minecraft:custom":{"minecraft:interact_with_crafting_table":254,"minecraft:open_barrel":97,"goblintraders:trade_with_goblin":755,"minecraft:eat_cake_slice":4,"minecraft:leave_game":35,"minecraft:time_since_death":1191563,"minecraft:play_time":2848859,"minecraft:deaths":11,"minecraft:jump":24709,"minecraft:interact_with_furnace":134,"minecraft:sleep_in_bed":26,"minecraft:damage_dealt":17312,"minecraft:interact_with_anvil":10,"minecraft:inspect_hopper":10,"minecraft:damage_dealt_absorbed":281,"minecraft:sneak_time":133065,"minecraft:interact_with_blast_furnace":62,"minecraft:total_world_time":2848859,"minecraft:interact_with_stonecutter":6,"minecraft:time_since_rest":668496,"minecraft:swim_one_cm":756424,"minecraft:fly_one_cm":5529843,"minecraft:open_chest":1433,"minecraft:fall_one_cm":647892,"minecraft:sprint_one_cm":3983942,"minecraft:drop":1495,"minecraft:talked_to_villager":5,"minecraft:walk_on_water_one_cm":466534,"minecraft:crouch_one_cm":231190,"minecraft:mob_kills":331,"minecraft:damage_dealt_resisted":4636,"minecraft:climb_one_cm":92861,"minecraft:walk_one_cm":5961799,"minecraft:walk_under_water_one_cm":777210,"minecraft:boat_one_cm":75378,"minecraft:damage_taken":79145},"minecraft:used":{"create:deployer":30,"mcwbridges:stone_brick_bridge":7,"mcwbridges:spruce_log_bridge_middle":5,"minecraft:ladder":74,"minecraft:poppy":1,"minecraft:chest":57,"minecraft:stone":25,"create:fluid_tank":31,"create:white_sail":80,"create:depot":9,"minecraft:azure_bluet":1,"minecraft:lava_bucket":25,"minecraft:birch_sapling":3,"minecraft:quartz_block":18,"framedblocks:framed_panel":6,"create:andesite_funnel":8,"create:rotation_speed_controller":14,"create:shaft":292,"minecraft:oak_sapling":72,"create:steam_engine":9,"minecraft:furnace":2,"minecraft:wooden_pickaxe":12,"minecraft:oak_leaves":6,"create:spout":5,"minecraft:glow_berries":92,"minecraft:sand":15,"minecraft:blast_furnace":2,"mcwbridges:acacia_log_bridge_middle":3,"minecraft:red_terracotta":12,"minecraft:diamond_ore":1,"create:adjustable_chain_gearshift":7,"minecraft:diamond_sword":136,"minecraft:fire_charge":1,"create:basin":1,"minecraft:birch_log":13,"minecraft:oak_boat":8,"minecraft:oak_trapdoor":2,"minecraft:stripped_acacia_wood":2,"create:framed_glass":73,"minecraft:netherrack":464,"minecraft:torch":229,"minecraft:anvil":2,"projectvibrantjourneys:fallen_leaves":1,"create:wrench":1565,"create:gearbox":54,"create:creative_motor":1,"minecraft:bamboo":1,"create:encased_chain_drive":9,"create:fluid_pipe":185,"torchmaster:megatorch":11,"minecraft:cobbled_deepslate":15,"create:belt_connector":68,"minecraft:pointed_dripstone":10,"minecraft:crimson_stem":6,"minecraft:water_bucket":205,"mcwbridges:iron_bridge":15,"minecraft:cauldron":9,"create:blaze_burner":10,"create:furnace_minecart_contraption":73,"minecraft:mossy_cobblestone":1,"create:encased_fan":18,"minecraft:rail":166,"minecraft:crafting_table":11,"minecraft:oak_slab":52,"minecraft:red_bed":1,"minecraft:white_bed":4,"minecraft:oak_log":196,"minecraft:diamond_pickaxe":3418,"minecraft:diamond_shovel":242,"minecraft:oak_button":1,"minecraft:iron_pickaxe":329,"create:mechanical_arm":75,"minecraft:cobblestone":713,"minecraft:cooked_porkchop":12,"minecraft:sandstone_slab":4,"create:clutch":3,"create:elevator_pulley":1,"minecraft:iron_sword":131,"create:analog_lever":5,"create:mechanical_bearing":1,"minecraft:iron_chestplate":1,"create:minecart_contraption":5,"create:cogwheel":222,"minecraft:carrot":99,"minecraft:furnace_minecart":6,"ecologics:prickly_pear":7,"mcwbridges:andesite_bridge":11,"create:speedometer":16,"minecraft:obsidian":42,"minecraft:bricks":2,"minecraft:iron_helmet":1,"create:millstone":2,"create:mechanical_drill":109,"create:crushing_wheel":20,"mcwbridges:birch_bridge_pier":9,"minecraft:stone_pickaxe":514,"minecraft:oak_planks":51,"minecraft:ender_pearl":1,"minecraft:sandstone":5,"minecraft:diamond_axe":748,"create:copper_valve_handle":1,"create:mechanical_saw":4,"minecraft:large_amethyst_bud":5,"minecraft:mushroom_stew":30,"minecraft:dripstone_block":16,"minecraft:sticky_piston":2,"minecraft:lever":28,"framedblocks:framed_vertical_stairs":8,"mcwbridges:iron_bridge_stair":41,"minecraft:bread":235,"create:andesite_casing":626,"minecraft:gravel":191,"mcwbridges:balustrade_andesite_bridge":12,"create:white_seat":2,"create:stressometer":5,"minecraft:andesite":4,"create:framed_glass_door":1,"create:vertical_gearbox":142,"minecraft:bone_meal":12,"create:large_cogwheel":32,"minecraft:oak_fence":10,"minecraft:flint_and_steel":2,"create:item_vault":136,"minecraft:redstone":5,"tacz:gun_smith_table":2,"minecraft:spruce_planks":5,"create:mechanical_pump":12,"minecraft:dirt":203,"create:andesite_door":3,"create:mechanical_mixer":2,"minecraft:hopper":3,"create:redstone_contact":1,"create:mechanical_plough":2,"minecraft:oak_stairs":5,"create:hose_pulley":3,"minecraft:iron_boots":1,"create:cart_assembler":22,"torchmaster:feral_flare_lantern":48,"minecraft:soul_soil":2,"minecraft:minecart":2,"mcwbridges:andesite_bridge_stair":5,"minecraft:cooked_beef":209,"minecraft:cooked_mutton":2,"minecraft:andesite_slab":66,"minecraft:stonecutter":1,"minecraft:green_bed":1,"minecraft:cobblestone_slab":1,"minecraft:terracotta":2,"create:brass_funnel":7,"create:linear_chassis":331,"supplementaries:cage":115,"minecraft:apple":1,"create:mechanical_press":3,"create:windmill_bearing":3,"minecraft:bucket":175,"create:hand_crank":18},"minecraft:killed":{"alexsmobs:murmur":1,"minecraft:skeleton":53,"minecraft:guardian":5,"minecraft:magma_cube":21,"minecraft:iron_golem":1,"mutantmonsters:mutant_skeleton":2,"minecraft:pillager":1,"minecraft:zombie":62,"minecraft:cow":10,"minecraft:endermite":1,"minecraft:zoglin":1,"minecraft:husk":12,"mutantmonsters:creeper_minion":3,"minecraft:enderman":8,"minecraft:zombified_piglin":9,"minecraft:spider":11,"minecraft:silverfish":1,"artifacts:mimic":4,"minecraft:piglin":3,"minecraft:pig":12,"minecraft:zombie_villager":2,"minecraft:creeper":22,"alexsmobs:crimson_mosquito":5,"minecraft:sheep":4,"minecraft:trader_llama":1,"minecraft:ghast":2,"alexsmobs:tarantula_hawk":1,"dweller_dweller:dweller_dweller":1,"alexsmobs:rattlesnake":4,"minecraft:phantom":28,"alexsmobs:bison":4,"minecraft:drowned":11,"minecraft:bat":1,"mutantmonsters:mutant_zombie":1,"minecraft:wither_skeleton":1},"minecraft:picked_up":{"minecraft:iron_chestplate":7,"torchmaster:feral_flare_lantern":5,"minecraft:anvil":1,"minecraft:lead":9,"minecraft:diamond_sword":9,"minecraft:oak_stairs":5,"create:wrench":14,"minecraft:string":46,"minecraft:soul_soil":11,"create:limestone":12,"minecraft:beetroot":4,"create:cart_assembler":8,"minecraft:gold_nugget":9,"minecraft:cobbled_deepslate":23,"minecraft:spruce_planks":5,"minecraft:coal_block":7,"minecraft:green_bed":1,"minecraft:acacia_log":16,"create:andesite_casing":297,"psg:sulphur":121,"mutantmonsters:mutant_skeleton_pelvis":1,"minecraft:honey_bottle":1,"create:scoria":1,"minecraft:polished_basalt":8,"minecraft:red_tulip":16,"projectvibrantjourneys:cattail":1,"create:mechanical_arm":1,"supplementaries:ash":32,"minecraft:iron_bars":32,"minecraft:snowball":2,"minecraft:birch_log":14,"minecraft:furnace_minecart":7,"minecraft:magma_block":50,"minecraft:cooked_beef":15,"minecraft:water_bucket":8,"minecraft:copper_block":1,"artifacts:thorn_pendant":5,"alexsmobs:bison_fur":1,"minecraft:flint":87,"create:mechanical_plough":1,"tacz:ammo_box":24,"framedblocks:framed_slope":15,"create:mechanical_drill":31,"create:goggles":1,"create:shaft":10,"minecraft:glowstone_dust":30,"tacz:gun_smith_table":1,"create:super_glue":1,"ecologics:prickly_pear":7,"minecraft:stripped_acacia_wood":2,"mcwbridges:iron_bridge_stair":21,"sophisticatedbackpacks:iron_backpack":5,"minecraft:red_terracotta":13,"artifacts:crystal_heart":7,"minecraft:lever":18,"alexsmobs:tarantula_hawk_wing_fragment":4,"minecraft:golden_horse_armor":1,"minecraft:bread":471,"minecraft:bricks":4,"minecraft:diamond_pickaxe":11,"framedblocks:framed_stairs":3,"minecraft:crimson_roots":1,"create:copper_sheet":64,"sophisticatedbackpacks:gold_backpack":1,"minecraft:crafting_table":9,"minecraft:sandstone_slab":50,"minecraft:clay_ball":1637,"mcwbridges:pliers":1,"minecraft:cornflower":25,"minecraft:red_bed":1,"minecraft:flint_and_steel":3,"tacz:ammo":11162,"minecraft:iron_shovel":1,"minecraft:beef":47,"create:white_seat":2,"minecraft:iron_nugget":131,"minecraft:poppy":4,"minecraft:minecart":1,"minecraft:chest":13,"minecraft:birch_sapling":4,"create:clutch":1,"minecraft:sandstone":12513,"sophisticatedbackpacks:backpack":8,"minecraft:fire_charge":2,"pointblank:gunmetal_nugget":166,"minecraft:cake":2,"minecraft:carrot":204,"minecraft:redstone":163,"minecraft:prismarine_crystals":13,"create:vertical_gearbox":4,"minecraft:beetroot_seeds":10,"minecraft:diamond_boots":1,"create:depot":2,"minecraft:gold_ingot":27,"minecraft:glow_berries":1,"minecraft:mutton":8,"minecraft:white_wool":4,"minecraft:rail":190,"minecraft:oxeye_daisy":16,"create:brass_sheet":8,"create:iron_sheet":28,"minecraft:red_mushroom":37,"minecraft:oak_log":367,"minecraft:lily_pad":2,"projectvibrantjourneys:sea_oats":1,"mutantmonsters:mutant_skeleton_limb":3,"alexsmobs:mosquito_proboscis":1,"minecraft:apple":8,"minecraft:kelp":538,"minecraft:iron_sword":1,"minecraft:dark_oak_stairs":4,"minecraft:smooth_basalt":25,"minecraft:gravel":1486,"create:gearbox":7,"minecraft:diamond_shovel":2,"minecraft:slime_ball":11,"tacz:modern_kinetic_gun":10,"create:mechanical_pump":1,"minecraft:diamond_axe":6,"minecraft:oak_button":5,"projectvibrantjourneys:orange_bark_mushroom":14,"framedblocks:framed_hammer":1,"minecraft:hopper":3,"minecraft:ender_pearl":2,"minecraft:wheat":4,"minecraft:potion":1,"minecraft:gilded_blackstone":5,"create:furnace_minecart_contraption":5,"mutantmonsters:mutant_skeleton_skull":1,"minecraft:raw_copper":559,"minecraft:iron_leggings":7,"create:sand_paper":1,"minecraft:smooth_stone":8,"minecraft:bucket":1,"minecraft:white_tulip":5,"minecraft:rose_bush":26,"minecraft:calcite":1,"minecraft:iron_pickaxe":4,"alexsmobs:raccoon_tail":1,"framedblocks:framed_wall":8,"minecraft:iron_boots":8,"railways:track_oak":24,"minecraft:furnace":3,"minecraft:stick":94,"create:mechanical_mixer":1,"create:dough":30,"minecraft:oak_fence":25,"minecraft:torch":279,"minecraft:porkchop":21,"tacz:attachment":23,"create:redstone_contact":1,"minecraft:pointed_dripstone":1,"minecraft:diorite":2,"create:framed_glass":2,"create:large_cogwheel":8,"minecraft:quartz_block":3,"minecraft:rotten_flesh":52,"minecraft:obsidian":53,"minecraft:cobblestone":10314,"minecraft:pink_petals":4,"minecraft:magma_cream":6,"create:fluid_tank":1,"minecraft:andesite":544,"projectvibrantjourneys:fallen_leaves":18,"alexsmobs:bear_fur":2,"create:raw_zinc":279,"supplementaries:flax_seeds":2,"projectvibrantjourneys:rocks":2,"minecraft:lapis_lazuli":135,"minecraft:dirt":2268,"minecraft:bone":85,"minecraft:wheat_seeds":161,"minecraft:bow":2,"minecraft:orange_tulip":16,"minecraft:raw_gold":33,"minecraft:grindstone":1,"minecraft:bamboo":1056,"minecraft:oak_planks":180,"psg:raw_potassium":42,"create:cogwheel":13,"torchmaster:megatorch":2,"minecraft:sand":7922,"minecraft:mossy_cobblestone":8,"artifacts:golden_hook":1,"minecraft:diamond":33,"alexsmobs:rattlesnake_rattle":5,"minecraft:white_concrete":98,"minecraft:oak_sapling":55,"minecraft:netherrack":1856,"minecraft:andesite_slab":153,"create:white_sail":34,"minecraft:allium":5,"minecraft:azure_bluet":11,"minecraft:ladder":230,"minecraft:brown_mushroom":40,"minecraft:iron_axe":1,"minecraft:wooden_sword":1,"artifacts:feral_claws":7,"framedblocks:framed_cube":21,"minecraft:oak_boat":14,"projectvibrantjourneys:sandy_sprouts":1,"supplementaries:cage":64,"minecraft:phantom_membrane":1,"create:linear_chassis":91,"minecraft:raw_iron":187,"projectvibrantjourneys:bark_mushroom":4,"create:golden_sheet":3,"minecraft:copper_ingot":199,"create:windmill_bearing":1,"create:hand_crank":6,"create:zinc_ingot":172,"railways:track_incomplete_oak":7,"minecraft:weeping_vines":5,"minecraft:arrow":33,"k_turrets:raw_titanium":3,"minecraft:glistering_melon_slice":15,"minecraft:brick_stairs":20,"minecraft:skeleton_skull":1,"minecraft:wet_sponge":3,"minecraft:basalt":18,"minecraft:crimson_stem":18,"minecraft:leather":9,"mcwbridges:iron_bridge":46,"minecraft:crimson_fungus":1,"create:andesite_alloy":292,"minecraft:nether_wart_block":2,"minecraft:gunpowder":93,"create:blaze_burner":2,"minecraft:iron_ingot":305,"minecraft:acacia_sapling":1,"minecraft:soul_sand":1,"sophisticatedbackpacks:diamond_backpack":1,"minecraft:oak_slab":152,"projectvibrantjourneys:light_brown_bark_mushroom":24,"minecraft:birch_boat":1,"create:attribute_filter":1,"minecraft:quartz":33,"minecraft:dandelion":29,"minecraft:lava_bucket":4,"minecraft:blast_furnace":1,"minecraft:white_bed":4,"minecraft:spider_eye":1,"create:wheat_flour":57,"create:brass_ingot":19,"minecraft:iron_helmet":8,"minecraft:terracotta":4,"minecraft:coal":440},"minecraft:dropped":{"sophisticatedbackpacks:iron_backpack":3,"minecraft:crimson_stem":12,"minecraft:cooked_beef":17,"minecraft:diamond":2,"projectvibrantjourneys:sandy_sprouts":1,"minecraft:orange_tulip":16,"minecraft:weeping_vines":5,"minecraft:glow_berries":1,"create:cogwheel":3,"minecraft:rail":31,"projectvibrantjourneys:orange_bark_mushroom":14,"minecraft:red_mushroom":7,"sophisticatedbackpacks:gold_backpack":1,"minecraft:dirt":3341,"minecraft:wooden_sword":1,"minecraft:phantom_membrane":1,"create:goggles":1,"minecraft:sand":8908,"minecraft:sugar":16,"minecraft:iron_pickaxe":2,"minecraft:dark_oak_planks":2,"alexsmobs:raccoon_tail":2,"minecraft:bone":12,"minecraft:iron_nugget":157,"minecraft:cobbled_deepslate":7,"minecraft:birch_sapling":1,"minecraft:wheat":141,"minecraft:obsidian":3,"minecraft:rotten_flesh":26,"minecraft:oak_planks":1,"minecraft:azure_bluet":5,"projectvibrantjourneys:sea_oats":1,"psg:sulphur":18,"supplementaries:flax_seeds":2,"create:scoria":1,"create:wrench":10,"minecraft:acacia_sapling":1,"create:limestone":12,"minecraft:ladder":3,"projectvibrantjourneys:cattail":1,"alexsmobs:mosquito_proboscis":1,"tacz:attachment":19,"minecraft:iron_ingot":92,"minecraft:wheat_seeds":162,"minecraft:copper_block":1,"minecraft:iron_helmet":2,"minecraft:cobblestone":18481,"alexsmobs:rattlesnake_rattle":5,"minecraft:coal":142,"create:andesite_casing":73,"minecraft:oxeye_daisy":16,"minecraft:lava_bucket":3,"minecraft:rose_bush":26,"minecraft:oak_stairs":1,"minecraft:string":32,"minecraft:iron_shovel":1,"create:mechanical_drill":12,"minecraft:lily_pad":2,"create:raw_zinc":210,"create:clutch":1,"minecraft:moss_carpet":1,"create:brass_funnel":1,"minecraft:soul_soil":1,"minecraft:stone_sword":1,"minecraft:bowl":4,"minecraft:clay_ball":528,"minecraft:iron_boots":2,"sophisticatedbackpacks:backpack":1,"artifacts:golden_hook":1,"create:mechanical_pump":1,"supplementaries:cage":5,"minecraft:diamond_sword":3,"torchmaster:megatorch":2,"minecraft:stone":1,"minecraft:allium":10,"minecraft:spruce_planks":3,"create:zinc_ingot":20,"mutantmonsters:mutant_skeleton_limb":2,"minecraft:diamond_pickaxe":5,"create:hand_crank":2,"better_mob_food:cooked_flesh":23,"minecraft:spider_eye":2,"minecraft:light_gray_dye":1,"tacz:ammo":3362,"minecraft:sandstone":7971,"minecraft:bow":1,"minecraft:red_tulip":16,"ecologics:seashell":1,"minecraft:magma_block":50,"minecraft:terracotta":2,"torchmaster:feral_flare_lantern":5,"minecraft:birch_planks":1,"create:vertical_gearbox":3,"minecraft:brown_mushroom":10,"minecraft:soul_sand":3,"minecraft:dark_oak_stairs":5,"minecraft:oak_log":45,"minecraft:leather":8,"alexsmobs:bison_fur":2,"minecraft:flint":64,"create:linear_chassis":33,"minecraft:cornflower":25,"projectvibrantjourneys:fallen_leaves":18,"minecraft:crimson_roots":1,"minecraft:snowball":2,"minecraft:gilded_blackstone":5,"minecraft:birch_log":4,"projectvibrantjourneys:bark_mushroom":4,"minecraft:gold_ingot":48,"minecraft:gravel":556,"minecraft:white_tulip":5,"minecraft:crimson_fungus":1,"mutantmonsters:mutant_skeleton_pelvis":1,"minecraft:beetroot":4,"railways:track_incomplete_oak":10,"psg:raw_potassium":28,"minecraft:honey_bottle":1,"minecraft:poppy":3,"projectvibrantjourneys:light_brown_bark_mushroom":22,"minecraft:gunpowder":5,"minecraft:skeleton_skull":1,"minecraft:beetroot_seeds":10,"create:gearbox":7,"minecraft:chest":6,"create:brass_ingot":31,"create:wheat_flour":73,"minecraft:basalt":4,"minecraft:iron_bars":24,"minecraft:arrow":6,"minecraft:quartz":7,"minecraft:netherrack":71,"create:andesite_alloy":144,"minecraft:water_bucket":4,"minecraft:bread":68,"minecraft:oak_slab":132,"minecraft:mossy_cobblestone":5,"minecraft:lead":5,"minecraft:copper_ingot":287,"minecraft:grass_block":2,"minecraft:stick":5,"tacz:ammo_box":13,"minecraft:diorite":2,"create:blaze_burner":1,"minecraft:torch":23,"minecraft:nether_wart_block":2,"minecraft:iron_leggings":1,"tacz:modern_kinetic_gun":4,"minecraft:polished_basalt":16,"minecraft:bucket":2,"minecraft:dandelion":19,"minecraft:kelp":2,"minecraft:raw_copper":522,"alexsmobs:tarantula_hawk_wing_fragment":4,"minecraft:raw_iron":4,"minecraft:tall_grass":1,"alexsmobs:bear_fur":2,"pointblank:gunmetal_nugget":102,"minecraft:flint_and_steel":1,"minecraft:oak_button":1,"minecraft:iron_chestplate":3,"minecraft:andesite":934,"minecraft:cake":1,"minecraft:oak_sapling":11,"minecraft:diamond_boots":1,"minecraft:slime_ball":2,"minecraft:wooden_pickaxe":1,"minecraft:calcite":1,"create:empty_blaze_burner":2},"minecraft:mined":{"minecraft:white_bed":3,"create:andesite_casing":34,"minecraft:obsidian":13,"minecraft:acacia_log":18,"minecraft:coal_block":7,"torchmaster:feral_flare_lantern":4,"minecraft:hopper":1,"tacz:gun_smith_table":1,"ecologics:prickly_pear":3,"minecraft:spawner":6,"minecraft:weeping_vines_plant":2,"minecraft:magma_block":55,"minecraft:cobbled_deepslate":223,"minecraft:fire":43,"minecraft:deepslate_lapis_ore":3,"minecraft:cave_vines":6,"minecraft:oak_stairs":4,"minecraft:sandstone_slab":1,"create:cogwheel":4,"minecraft:brown_mushroom":38,"minecraft:kelp_plant":71,"minecraft:crimson_nylium":6,"minecraft:soul_fire":13,"minecraft:torch":147,"projectvibrantjourneys:twigs":5,"minecraft:blast_furnace":1,"create:framed_glass":5,"create:scoria":1,"projectvibrantjourneys:fallen_leaves":6,"minecraft:bricks":2,"minecraft:wheat":32,"create:mechanical_mixer":1,"minecraft:grass":293,"projectvibrantjourneys:short_grass":82,"create:hand_crank":4,"minecraft:smooth_basalt":26,"create:linear_chassis":3,"minecraft:deepslate":18,"create:zinc_ore":66,"minecraft:mossy_cobblestone":6,"projectvibrantjourneys:rocks":10,"create:fluid_tank":1,"psg:sulphur_ore":15,"minecraft:allium":5,"mcwbridges:andesite_bridge":1,"minecraft:red_mushroom":29,"minecraft:kelp":2,"minecraft:redstone_ore":1,"create:shaft":2,"minecraft:andesite":186,"minecraft:vine":6,"create:cart_assembler":1,"minecraft:rail":69,"minecraft:bamboo":54,"projectvibrantjourneys:seashells":3,"minecraft:white_wool":1,"minecraft:oak_slab":29,"create:white_seat":2,"minecraft:soul_sand":1,"psg:potassium_ore":14,"minecraft:dandelion":9,"psg:deepslate_sulphur_ore":6,"minecraft:cornflower":1,"projectvibrantjourneys:mossy_rocks":3,"minecraft:tall_grass":87,"minecraft:copper_ore":90,"minecraft:deepslate_gold_ore":18,"minecraft:red_terracotta":13,"minecraft:birch_leaves":8,"create:mechanical_drill":19,"minecraft:gravel":739,"minecraft:cobweb":23,"minecraft:oak_button":1,"minecraft:gold_ore":8,"minecraft:large_amethyst_bud":5,"create:deepslate_zinc_ore":75,"minecraft:spruce_planks":2,"minecraft:oak_sapling":6,"minecraft:brewing_stand":1,"minecraft:cave_vines_plant":1,"minecraft:grass_block":741,"minecraft:soul_soil":11,"minecraft:gilded_blackstone":1,"minecraft:smooth_stone":8,"minecraft:glowstone":13,"minecraft:iron_ore":110,"minecraft:azure_bluet":3,"minecraft:red_tulip":16,"minecraft:iron_bars":18,"minecraft:green_bed":1,"projectvibrantjourneys:cattail":1,"minecraft:deepslate_redstone_ore":32,"minecraft:quartz_block":1,"minecraft:poppy":2,"minecraft:nether_quartz_ore":18,"minecraft:cobblestone":814,"minecraft:oak_planks":45,"minecraft:wall_torch":17,"minecraft:seagrass":1,"minecraft:birch_log":13,"projectvibrantjourneys:bones":2,"minecraft:orange_tulip":16,"minecraft:oak_log":148,"minecraft:beetroots":3,"minecraft:sand":14,"minecraft:dirt":1138,"minecraft:netherrack":835,"minecraft:oak_leaves":114,"psg:nether_sulphur_ore":1,"minecraft:diamond_ore":4,"minecraft:deepslate_diamond_ore":13,"torchmaster:megatorch":1,"minecraft:lever":5,"minecraft:ladder":13,"create:large_cogwheel":2,"minecraft:brick_stairs":16,"create:depot":2,"minecraft:sandstone":1,"minecraft:crimson_stem":18,"minecraft:large_fern":4,"minecraft:furnace":3,"minecraft:carrots":54,"create:white_sail":32,"minecraft:deepslate_iron_ore":32,"minecraft:wet_sponge":3,"minecraft:stone":2609,"minecraft:white_tulip":5,"minecraft:acacia_leaves":2,"minecraft:basalt":18,"minecraft:oak_fence":1,"minecraft:crafting_table":9,"minecraft:rose_bush":13,"minecraft:andesite_slab":78,"minecraft:sculk_sensor":1,"minecraft:deepslate_coal_ore":1,"minecraft:lapis_ore":6,"supplementaries:cage":57,"minecraft:air":1,"supplementaries:urn":18,"minecraft:ice":6,"mcwbridges:iron_bridge_stair":8,"mcwbridges:iron_bridge":345,"k_turrets:titanium_ore":4,"minecraft:coal_ore":170,"minecraft:terracotta":5,"minecraft:stripped_acacia_wood":3},"minecraft:crafted":{"minecraft:smooth_stone":3,"minecraft:lever":1,"minecraft:diamond_shovel":2,"minecraft:cooked_mutton":2,"mcwbridges:pliers":1,"create:framed_glass_door":1,"create:vertical_gearbox":1,"minecraft:quartz_block":11,"minecraft:glass":48,"create:mechanical_press":1,"minecraft:dried_kelp_block":53,"create:cogwheel":80,"framedblocks:framed_stairs":8,"torchmaster:megatorch":1,"create:rose_quartz":3,"minecraft:cooked_porkchop":12,"minecraft:diamond_axe":1,"minecraft:raw_gold_block":3,"supplementaries:cage":9,"minecraft:copper_ingot":1023,"create:mechanical_mixer":1,"create:gearbox":13,"create:encased_fan":2,"minecraft:iron_pickaxe":3,"minecraft:iron_block":15,"minecraft:gold_ingot":145,"create:large_cogwheel":9,"create:propeller":2,"create:elevator_pulley":1,"create:wrench":1,"minecraft:iron_nugget":1563,"create:white_sail":42,"minecraft:bone_meal":12,"create:contraption_controls":1,"minecraft:ladder":6,"minecraft:stone_pickaxe":4,"minecraft:redstone_block":18,"create:electron_tube":3,"create:belt_connector":54,"create:windmill_bearing":2,"minecraft:wheat":72,"minecraft:coal_block":11,"create:andesite_door":1,"minecraft:dried_kelp":324,"create:goggles":1,"better_mob_food:cooked_flesh":29,"tacz:gun_smith_table":1,"create:redstone_contact":4,"minecraft:gunpowder":64,"create:raw_zinc":126,"minecraft:oak_stairs":4,"framedblocks:framed_slab":12,"minecraft:iron_leggings":2,"create:shaft":192,"minecraft:oak_planks":1436,"minecraft:barrel":108,"minecraft:stone":6,"create:deployer":3,"minecraft:iron_boots":1,"minecraft:raw_copper":252,"create:cart_assembler":1,"minecraft:chest":49,"minecraft:oak_button":2,"minecraft:copper_block":20,"create:brass_hand":3,"minecraft:raw_iron_block":13,"minecraft:oak_slab":282,"create:depot":6,"minecraft:crafting_table":4,"create:mechanical_saw":1,"tacz:ammo_box":11,"create:fluid_pipe":140,"minecraft:wooden_pickaxe":1,"minecraft:iron_helmet":1,"create:zinc_nugget":180,"create:sand_paper":1,"minecraft:gold_block":15,"minecraft:birch_planks":4,"minecraft:iron_chestplate":2,"minecraft:diamond_pickaxe":1,"create:super_glue":2,"minecraft:stick":192,"create:mechanical_pump":6,"minecraft:iron_ingot":825,"minecraft:stone_sword":1,"create:empty_blaze_burner":4,"minecraft:oak_door":3,"minecraft:redstone":18,"minecraft:raw_iron":72,"minecraft:coal":54,"framedblocks:framed_wrench":1,"framedblocks:framed_vertical_stairs":8,"create:steam_engine":4,"psg:sulphur_sack":10,"minecraft:blast_furnace":1,"minecraft:mushroom_stew":30,"minecraft:raw_copper_block":36,"minecraft:oak_trapdoor":2,"minecraft:flint_and_steel":1,"minecraft:slime_ball":2,"create:millstone":1,"create:fluid_tank":113,"create:basin":1,"minecraft:minecart":2,"minecraft:cooked_beef":43,"minecraft:sugar":16,"create:andesite_alloy":843,"create:hand_crank":1,"minecraft:diamond_sword":1,"minecraft:iron_sword":1,"minecraft:bowl":8,"framedblocks:framed_panel":6,"minecraft:bucket":3,"minecraft:air":0,"create:raw_zinc_block":14,"minecraft:oak_boat":1,"minecraft:white_wool":10,"create:whisk":1,"minecraft:raw_gold":9,"create:linear_chassis":192,"minecraft:stonecutter":1,"create:mechanical_drill":24,"minecraft:acacia_planks":64,"minecraft:torch":96,"create:zinc_ingot":139}},"DataVersion":3465}