{"stats":{"minecraft:killed":{"alexsmobs:raccoon":1,"minecraft:phantom":1,"minecraft:skeleton":2,"minecraft:chicken":13,"minecraft:drowned":2,"alexsmobs:flying_fish":5,"minecraft:pig":10,"alexsmobs:grizzly_bear":1,"minecraft:creeper":1,"minecraft:sheep":4,"minecraft:zombie":18,"alexsmobs:elephant":1,"minecraft:cow":7},"minecraft:used":{"minecraft:beetroot":19,"minecraft:dried_kelp":34,"minecraft:ladder":1,"minecraft:spruce_planks":4,"minecraft:player_head":1,"minecraft:netherrack":31,"minecraft:iron_chestplate":3,"minecraft:torch":12,"minecraft:dirt":7,"minecraft:carrot":36,"minecraft:iron_hoe":59,"minecraft:wooden_axe":7,"minecraft:iron_axe":72,"minecraft:bow":5,"alexsmobs:lobster_bucket":1,"minecraft:oak_sapling":2,"minecraft:furnace":6,"minecraft:beetroot_seeds":3,"minecraft:potato":2,"minecraft:egg":1,"minecraft:cooked_beef":12,"minecraft:pumpkin":5,"minecraft:iron_leggings":3,"minecraft:wheat_seeds":36,"minecraft:cooked_mutton":4,"minecraft:water_bucket":6,"minecraft:baked_potato":2,"minecraft:oak_planks":24,"minecraft:diamond_axe":7,"minecraft:crafting_table":6,"minecraft:mushroom_stew":1,"minecraft:black_banner":3,"minecraft:spider_eye":1,"minecraft:oak_log":2,"alexsmobs:flying_fish":5,"minecraft:apple":5,"minecraft:diamond_pickaxe":348,"minecraft:bread":7,"minecraft:gravel":1,"create:andesite_casing":1,"minecraft:diamond_sword":187,"minecraft:wooden_sword":12,"minecraft:cobblestone":16,"minecraft:potion":1,"minecraft:cooked_porkchop":6,"minecraft:andesite":3,"minecraft:bucket":8,"minecraft:oak_boat":1,"minecraft:waxed_cut_copper_stairs":1,"minecraft:bone_meal":6},"minecraft:mined":{"minecraft:dark_oak_planks":4,"minecraft:waxed_cut_copper_slab":1,"psg:sulphur_ore":1,"minecraft:granite":4,"minecraft:ladder":2,"minecraft:acacia_log":55,"minecraft:black_banner":1,"minecraft:grass_block":13,"minecraft:kelp":3,"minecraft:spawner":1,"minecraft:redstone_ore":15,"minecraft:furnace":3,"minecraft:iron_ore":82,"minecraft:andesite":6,"minecraft:pumpkin":10,"minecraft:potatoes":2,"minecraft:stone":79,"minecraft:player_head":1,"minecraft:waxed_cut_copper_stairs":2,"minecraft:acacia_leaves":1,"minecraft:kelp_plant":19,"psg:potassium_ore":6,"minecraft:basalt":2,"minecraft:stone_brick_slab":1,"minecraft:crafting_table":2,"projectvibrantjourneys:twigs":2,"projectvibrantjourneys:mossy_rocks":1,"minecraft:tall_grass":9,"minecraft:copper_ore":39,"minecraft:cobblestone":7,"minecraft:lapis_ore":12,"minecraft:oak_planks":5,"minecraft:wall_torch":1,"minecraft:red_terracotta":1,"minecraft:coarse_dirt":3,"minecraft:wheat":2,"minecraft:black_wall_banner":2,"minecraft:spruce_log":1,"k_turrets:titanium_ore":3,"minecraft:grass":44,"minecraft:oak_log":4,"minecraft:coal_ore":25,"projectvibrantjourneys:short_grass":21,"minecraft:gravel":1,"minecraft:dirt":4,"minecraft:gold_ore":8,"minecraft:netherrack":38,"minecraft:oak_leaves":4,"create:zinc_ore":1},"minecraft:crafted":{"minecraft:wooden_sword":1,"minecraft:oak_planks":48,"minecraft:cooked_chicken":12,"minecraft:furnace":5,"minecraft:bone_meal":6,"minecraft:cooked_mutton":7,"minecraft:iron_boots":1,"minecraft:iron_axe":1,"minecraft:ladder":84,"minecraft:iron_hoe":1,"minecraft:cooked_beef":20,"minecraft:diamond_sword":1,"minecraft:cooked_porkchop":14,"minecraft:crafting_table":5,"minecraft:spruce_planks":4,"minecraft:dried_kelp":34,"minecraft:baked_potato":2,"minecraft:iron_helmet":1,"minecraft:bucket":2,"minecraft:air":0,"minecraft:oak_boat":1,"minecraft:iron_chestplate":1,"minecraft:diamond_pickaxe":1,"minecraft:stick":264,"minecraft:wooden_axe":1,"minecraft:iron_leggings":1,"minecraft:acacia_planks":192},"minecraft:custom":{"minecraft:mob_kills":66,"minecraft:interact_with_crafting_table":19,"minecraft:open_barrel":8,"minecraft:damage_dealt_resisted":645,"minecraft:leave_game":1,"minecraft:time_since_death":175742,"minecraft:climb_one_cm":3392,"minecraft:sprint_one_cm":421029,"minecraft:walk_one_cm":578345,"minecraft:drop":88,"minecraft:talked_to_villager":2,"minecraft:play_time":188444,"minecraft:deaths":3,"minecraft:sneak_time":15246,"minecraft:walk_under_water_one_cm":24226,"minecraft:boat_one_cm":46962,"minecraft:jump":2933,"minecraft:interact_with_blast_furnace":1,"minecraft:walk_on_water_one_cm":23566,"minecraft:total_world_time":188444,"minecraft:interact_with_furnace":53,"minecraft:interact_with_cartography_table":1,"minecraft:sleep_in_bed":1,"minecraft:time_since_rest":106522,"minecraft:damage_taken":3666,"minecraft:damage_dealt":5907,"minecraft:fly_one_cm":582092,"minecraft:swim_one_cm":95287,"minecraft:open_chest":111,"minecraft:crouch_one_cm":24371,"minecraft:interact_with_smoker":1,"minecraft:fall_one_cm":77313,"minecraft:horse_one_cm":605},"minecraft:dropped":{"minecraft:water_bucket":1,"sophisticatedbackpacks:iron_backpack":1,"minecraft:wheat_seeds":3,"minecraft:diamond_axe":1,"minecraft:lapis_lazuli":64,"minecraft:oak_log":58,"minecraft:glass_bottle":1,"minecraft:golden_horse_armor":1,"minecraft:crafting_table":1,"minecraft:cobblestone":256,"minecraft:feather":7,"minecraft:granite":1,"projectvibrantjourneys:orange_bark_mushroom":3,"minecraft:rail":6,"minecraft:coal":92,"minecraft:stick":3,"create:andesite_casing":154,"minecraft:lava_bucket":1,"tacz:ammo_box":2,"minecraft:ink_sac":3,"minecraft:wooden_axe":1,"minecraft:potion":1,"minecraft:wooden_sword":1,"tacz:modern_kinetic_gun":3,"minecraft:glistering_melon_slice":11,"alexsmobs:raccoon_tail":1,"minecraft:white_wool":5,"projectvibrantjourneys:bark_mushroom":3,"minecraft:gold_ingot":9,"minecraft:kelp":9,"alexsmobs:acacia_blossom":2,"minecraft:cooked_chicken":12,"create:furnace_minecart_contraption":1,"minecraft:raw_copper":45,"minecraft:rotten_flesh":8,"sophisticatedbackpacks:backpack":1,"minecraft:cooked_mutton":3,"alexsmobs:bear_fur":2,"minecraft:red_terracotta":1,"pointblank:gunmetal_nugget":5,"projectvibrantjourneys:light_brown_bark_mushroom":1,"minecraft:diamond_pickaxe":1,"minecraft:andesite":208,"minecraft:cake":1,"minecraft:acacia_sapling":2,"k_turrets:raw_titanium":3,"minecraft:spider_eye":1,"minecraft:bamboo":128,"minecraft:bow":1,"minecraft:black_wool":1,"create:andesite_alloy":12},"minecraft:picked_up":{"minecraft:crafting_table":3,"minecraft:iron_chestplate":3,"minecraft:chicken":12,"minecraft:ladder":1,"minecraft:potion":2,"create:furnace_minecart_contraption":1,"minecraft:string":4,"minecraft:oak_trapdoor":3,"minecraft:raw_copper":119,"minecraft:iron_leggings":3,"minecraft:beef":16,"minecraft:player_head":1,"minecraft:iron_nugget":6,"alexsmobs:raccoon_tail":1,"minecraft:furnace":3,"minecraft:egg":1,"minecraft:raw_iron":79,"minecraft:stick":9,"projectvibrantjourneys:bark_mushroom":3,"minecraft:torch":23,"minecraft:acacia_log":52,"create:andesite_casing":155,"sophisticatedbackpacks:backpack":1,"minecraft:porkchop":14,"pointblank:gunmetal_nugget":29,"psg:sulphur":4,"minecraft:redstone":68,"minecraft:dark_oak_planks":4,"minecraft:waxed_cut_copper_stairs":1,"minecraft:arrow":1,"minecraft:rotten_flesh":16,"k_turrets:raw_titanium":3,"supplementaries:ash":7,"minecraft:black_banner":3,"minecraft:mutton":8,"minecraft:rail":6,"alexsmobs:flying_fish":5,"minecraft:white_wool":7,"minecraft:cobblestone":59,"minecraft:cooked_beef":16,"minecraft:feather":11,"minecraft:basalt":1,"minecraft:water_bucket":1,"minecraft:andesite":342,"minecraft:leather":10,"create:raw_zinc":1,"alexsmobs:acacia_blossom":2,"artifacts:thorn_pendant":1,"minecraft:potato":3,"alexsmobs:bear_fur":2,"minecraft:oak_log":92,"create:andesite_alloy":144,"minecraft:gunpowder":3,"minecraft:lapis_lazuli":78,"minecraft:dirt":7,"tacz:ammo_box":2,"minecraft:cooked_mutton":4,"minecraft:bone":4,"minecraft:apple":15,"minecraft:kelp":95,"minecraft:bow":4,"minecraft:wheat_seeds":11,"minecraft:raw_gold":8,"minecraft:cooked_chicken":12,"minecraft:bamboo":181,"minecraft:acacia_sapling":2,"minecraft:oak_planks":29,"projectvibrantjourneys:light_brown_bark_mushroom":1,"minecraft:pumpkin":10,"psg:raw_potassium":12,"minecraft:stone_brick_slab":1,"minecraft:gravel":1,"minecraft:ink_sac":3,"minecraft:spruce_log":1,"minecraft:red_terracotta":1,"minecraft:spider_eye":2,"alexsmobs:animal_dictionary":3,"minecraft:diamond":12,"tacz:modern_kinetic_gun":7,"minecraft:granite":2,"minecraft:diamond_axe":1,"projectvibrantjourneys:orange_bark_mushroom":3,"minecraft:black_wool":1,"minecraft:oak_sapling":2,"minecraft:netherrack":31,"minecraft:coal":171,"minecraft:diamond_pickaxe":1}},"DataVersion":3465}