{"stats":{"minecraft:killed":{"minecraft:cave_spider":1,"minecraft:zombified_piglin":1,"minecraft:spider":3,"minecraft:skeleton":9,"alexsmobs:grizzly_bear":1,"minecraft:pig":3,"mutantmonsters:mutant_skeleton":1,"minecraft:creeper":1,"minecraft:sheep":4,"minecraft:trader_llama":1,"minecraft:zombie":20,"alexsmobs:fly":1,"minecraft:cow":8,"alexsmobs:raccoon":1,"alexsmobs:rattlesnake":1,"alexsmobs:bison":5,"alexsmobs:flying_fish":1,"minecraft:husk":2,"alexsmobs:gelada_monkey":3,"alexsmobs:elephant":3,"ecologics:squirrel":1},"minecraft:used":{"minecraft:cherry_sapling":1,"minecraft:moss_carpet":1,"minecraft:iron_shovel":200,"minecraft:ladder":23,"minecraft:chest":3,"minecraft:rotten_flesh":11,"minecraft:iron_chestplate":1,"minecraft:mutton":1,"minecraft:iron_helmet":1,"pointblank:workstation":1,"minecraft:bow":16,"minecraft:furnace":2,"projectvibrantjourneys:light_brown_bark_mushroom":2,"minecraft:oak_planks":3,"effortlessbuilding:golden_randomizer_bag":8,"minecraft:sandstone":2,"minecraft:diamond_axe":615,"minecraft:golden_hoe":18,"minecraft:sand":1,"minecraft:mushroom_stew":22,"sophisticatedbackpacks:backpack":2,"minecraft:bread":117,"minecraft:fire_charge":2,"minecraft:diamond_sword":200,"minecraft:andesite":8,"minecraft:oak_boat":2,"sophisticatedbackpacks:iron_backpack":1,"minecraft:flint_and_steel":5,"framedblocks:framed_stairs":2,"minecraft:netherrack":44,"minecraft:torch":104,"minecraft:dirt":22,"projectvibrantjourneys:fallen_leaves":1,"minecraft:iron_axe":1136,"minecraft:iron_boots":1,"better_mob_food:cooked_flesh":1,"minecraft:bamboo":1,"minecraft:beef":9,"minecraft:cooked_beef":18,"minecraft:cobbled_deepslate":244,"minecraft:iron_leggings":1,"sophisticatedbackpacks:gold_backpack":5,"minecraft:water_bucket":6,"minecraft:birch_planks":1,"create:blaze_burner":3,"minecraft:gilded_blackstone":3,"minecraft:crafting_table":11,"minecraft:white_bed":1,"minecraft:smoker":4,"minecraft:oak_log":64,"alexsmobs:flying_fish":1,"minecraft:diamond_pickaxe":1036,"minecraft:apple":19,"supplementaries:cage":31,"minecraft:iron_pickaxe":2,"minecraft:cobblestone":140,"minecraft:cooked_porkchop":7,"minecraft:sandstone_slab":1,"minecraft:bucket":5,"alexsmobs:animal_dictionary":1,"minecraft:stripped_oak_log":11},"minecraft:mined":{"minecraft:spruce_planks":3,"sophisticatedbackpacks:gold_backpack":2,"minecraft:brewing_stand":2,"minecraft:obsidian":42,"minecraft:cave_vines_plant":1,"minecraft:granite":1,"minecraft:acacia_log":89,"minecraft:stripped_crimson_hyphae":1,"minecraft:grass_block":110,"sophisticatedbackpacks:iron_backpack":1,"minecraft:white_concrete":2,"minecraft:gilded_blackstone":67,"minecraft:barrel":3,"minecraft:iron_ore":42,"minecraft:cobbled_deepslate":7,"minecraft:fire":2,"projectvibrantjourneys:bark_mushroom":1,"minecraft:cave_vines":1,"create:limestone":12,"projectvibrantjourneys:cattail":1,"minecraft:brown_mushroom":68,"ecologics:pot":1,"minecraft:smoker":3,"projectvibrantjourneys:twigs":3,"minecraft:calcite":1,"framedblocks:framed_stairs":2,"minecraft:chest":1,"projectvibrantjourneys:natural_cobweb":2,"minecraft:cobblestone":10,"minecraft:wall_torch":3,"minecraft:pink_petals":3,"minecraft:skeleton_skull":1,"projectvibrantjourneys:light_brown_bark_mushroom":1,"minecraft:birch_log":181,"projectvibrantjourneys:bones":3,"minecraft:grass":66,"minecraft:oak_log":1028,"projectvibrantjourneys:short_grass":48,"minecraft:sand":1,"minecraft:dirt":85,"minecraft:netherrack":65,"minecraft:oak_leaves":11,"minecraft:deepslate":242,"create:zinc_ore":5,"minecraft:crying_obsidian":2,"minecraft:tuff":28,"minecraft:sea_lantern":5,"projectvibrantjourneys:rocks":1,"psg:sulphur_ore":6,"minecraft:ladder":1,"minecraft:dark_oak_fence":1,"minecraft:red_mushroom":33,"minecraft:sandstone":2,"minecraft:hay_block":18,"minecraft:furnace":4,"projectvibrantjourneys:orange_bark_mushroom":1,"minecraft:andesite":22,"minecraft:bookshelf":10,"minecraft:deepslate_iron_ore":26,"minecraft:stripped_oak_log":11,"minecraft:bamboo":28,"minecraft:stone":270,"minecraft:smithing_table":1,"projectvibrantjourneys:icicle":1,"minecraft:acacia_leaves":3,"minecraft:red_wool":3,"minecraft:polished_granite":1,"psg:deepslate_sulphur_ore":5,"minecraft:crafting_table":7,"projectvibrantjourneys:small_cactus":1,"minecraft:emerald_ore":1,"minecraft:campfire":1,"minecraft:lectern":1,"minecraft:copper_ore":16,"minecraft:tall_grass":22,"minecraft:lapis_ore":2,"minecraft:deepslate_gold_ore":9,"minecraft:diorite":2,"supplementaries:cage":14,"create:blaze_burner":3,"k_turrets:deepslate_titanium_ore":1,"minecraft:spruce_log":1,"minecraft:birch_leaves":2,"projectvibrantjourneys:birch_hollow_log":1,"minecraft:coal_ore":98,"minecraft:cherry_leaves":2,"minecraft:gravel":13,"pointblank:workstation":1,"minecraft:terracotta":3,"projectvibrantjourneys:oak_hollow_log":1},"minecraft:broken":{"mutantmonsters:mutant_skeleton_skull":1,"minecraft:iron_axe":4},"minecraft:crafted":{"minecraft:oak_planks":92,"minecraft:iron_boots":1,"minecraft:chest":3,"minecraft:oak_button":4,"minecraft:smoker":2,"sophisticatedbackpacks:backpack":2,"minecraft:cooked_porkchop":7,"minecraft:diamond_axe":1,"minecraft:crafting_table":5,"tacz:ammo_box":1,"minecraft:iron_helmet":1,"minecraft:copper_ingot":70,"minecraft:birch_planks":6,"minecraft:iron_chestplate":1,"minecraft:shield":1,"minecraft:stick":728,"minecraft:iron_ingot":43,"minecraft:gold_ingot":9,"effortlessbuilding:golden_randomizer_bag":1,"minecraft:furnace":2,"minecraft:mushroom_stew":23,"minecraft:bone_meal":3,"minecraft:iron_axe":5,"minecraft:ladder":309,"minecraft:wheat":153,"sophisticatedbackpacks:iron_backpack":1,"minecraft:cooked_beef":18,"better_mob_food:cooked_flesh":1,"sophisticatedbackpacks:gold_backpack":1,"minecraft:bread":55,"minecraft:air":0,"minecraft:oak_boat":2,"minecraft:white_dye":3,"minecraft:iron_shovel":4,"minecraft:iron_leggings":1,"minecraft:acacia_planks":340,"minecraft:torch":100},"minecraft:custom":{"minecraft:interact_with_crafting_table":38,"minecraft:open_barrel":8,"goblintraders:trade_with_goblin":42,"minecraft:leave_game":20,"minecraft:time_since_death":253281,"minecraft:sprint_one_cm":1172186,"minecraft:drop":220,"minecraft:talked_to_villager":7,"minecraft:play_time":463401,"minecraft:deaths":2,"minecraft:jump":6874,"minecraft:walk_on_water_one_cm":104505,"minecraft:interact_with_furnace":37,"minecraft:sleep_in_bed":8,"minecraft:damage_dealt":9681,"minecraft:crouch_one_cm":18603,"minecraft:interact_with_smoker":11,"minecraft:mob_kills":71,"minecraft:inspect_hopper":1,"minecraft:damage_dealt_resisted":1108,"minecraft:climb_one_cm":8351,"minecraft:walk_one_cm":1179207,"minecraft:sneak_time":15258,"minecraft:walk_under_water_one_cm":45652,"minecraft:boat_one_cm":60617,"minecraft:interact_with_blast_furnace":8,"minecraft:total_world_time":463401,"minecraft:time_since_rest":56136,"minecraft:damage_taken":10256,"minecraft:swim_one_cm":33122,"minecraft:fly_one_cm":1628919,"minecraft:open_chest":473,"minecraft:fall_one_cm":230864},"minecraft:dropped":{"minecraft:iron_sword":1,"minecraft:birch_planks":1,"minecraft:cooked_beef":9,"minecraft:oak_log":484,"minecraft:diamond":40,"projectvibrantjourneys:orange_bark_mushroom":7,"minecraft:flint":2,"minecraft:dirt":3,"minecraft:gold_nugget":1,"minecraft:acacia_door":1,"minecraft:birch_log":131,"alexsmobs:raccoon_tail":1,"sereneseasons:calendar":1,"projectvibrantjourneys:bark_mushroom":9,"minecraft:gold_ingot":29,"minecraft:bone":8,"minecraft:gravel":42,"mutantmonsters:mutant_skeleton_pelvis":1,"minecraft:obsidian":40,"minecraft:rotten_flesh":30,"psg:sulphur":29,"projectvibrantjourneys:light_brown_bark_mushroom":8,"alexsmobs:elastic_tendon":1,"alexsmobs:blood_sac":1,"create:wrench":1,"minecraft:acacia_sapling":3,"minecraft:ladder":216,"create:limestone":12,"minecraft:white_dye":2,"minecraft:arrow":1,"minecraft:beef":10,"minecraft:white_concrete_powder":596,"minecraft:netherrack":13,"alexsmobs:mosquito_proboscis":1,"minecraft:wheat_seeds":23,"minecraft:iron_helmet":1,"minecraft:cobblestone":27,"minecraft:granite":4,"minecraft:coal":64,"create:andesite_casing":27,"projectvibrantjourneys:small_cactus":1,"tacz:ammo_box":3,"framedblocks:framed_stairs":4,"minecraft:diorite":2,"minecraft:white_concrete":365,"artifacts:crystal_heart":1,"tacz:modern_kinetic_gun":3,"minecraft:iron_axe":1,"minecraft:smooth_stone":8,"artifacts:feral_claws":1,"minecraft:string":5,"minecraft:pink_petals":4,"minecraft:lily_pad":1,"minecraft:acacia_planks":3,"create:raw_zinc":5,"minecraft:kelp":4,"alexsmobs:maggot":2,"minecraft:coarse_dirt":3,"minecraft:bowl":1,"minecraft:raw_iron":29,"minecraft:clay_ball":128,"minecraft:iron_boots":1,"pointblank:gunmetal_nugget":1,"supplementaries:cage":1,"minecraft:diamond_sword":1,"minecraft:diamond_pickaxe":1,"minecraft:iron_chestplate":1,"minecraft:oak_sapling":68,"minecraft:spider_eye":1,"minecraft:bamboo":373,"tacz:ammo":60,"minecraft:slime_ball":1,"minecraft:bow":3,"minecraft:calcite":1},"minecraft:killed_by":{"minecraft:zombie":1},"minecraft:picked_up":{"sereneseasons:calendar":2,"minecraft:iron_chestplate":4,"minecraft:smithing_table":1,"minecraft:diamond_sword":4,"create:wrench":1,"minecraft:gilded_blackstone":60,"minecraft:brewing_stand":2,"minecraft:raw_copper":52,"minecraft:string":9,"mutantmonsters:mutant_skeleton_skull":1,"create:limestone":12,"minecraft:iron_leggings":3,"minecraft:cobbled_deepslate":248,"alexsmobs:blood_sac":1,"minecraft:smooth_stone":8,"minecraft:gold_nugget":20,"minecraft:spruce_planks":3,"minecraft:calcite":1,"alexsmobs:raccoon_tail":2,"pointblank:workstation":1,"minecraft:furnace":4,"minecraft:iron_boots":4,"minecraft:stick":228,"minecraft:torch":4,"minecraft:acacia_log":85,"create:andesite_casing":27,"minecraft:porkchop":7,"psg:sulphur":65,"tacz:attachment":4,"minecraft:diorite":2,"mutantmonsters:mutant_skeleton_pelvis":1,"minecraft:rotten_flesh":38,"minecraft:obsidian":69,"minecraft:cobblestone":1704,"alexsmobs:flying_fish":1,"minecraft:birch_log":365,"minecraft:pink_petals":9,"minecraft:cooked_beef":11,"minecraft:water_bucket":3,"minecraft:andesite":240,"projectvibrantjourneys:fallen_leaves":4,"minecraft:smoker":3,"alexsmobs:bison_fur":7,"alexsmobs:bear_fur":1,"projectvibrantjourneys:birch_hollow_log":1,"minecraft:flint":3,"minecraft:tuff":28,"create:raw_zinc":5,"projectvibrantjourneys:rocks":1,"minecraft:lapis_lazuli":8,"minecraft:dirt":248,"tacz:ammo_box":9,"minecraft:bone":13,"minecraft:bow":5,"minecraft:wheat_seeds":56,"minecraft:raw_gold":9,"minecraft:bamboo":374,"minecraft:sand":1,"sophisticatedbackpacks:iron_backpack":1,"mutantmonsters:mutant_skeleton_leggings":1,"minecraft:barrel":3,"minecraft:diamond":19,"artifacts:crystal_heart":1,"minecraft:granite":4,"minecraft:white_concrete":366,"minecraft:emerald":1,"minecraft:bread":51,"alexsmobs:maggot":2,"minecraft:oak_sapling":348,"minecraft:netherrack":67,"minecraft:dark_oak_fence":1,"framedblocks:framed_stairs":6,"minecraft:diamond_pickaxe":4,"sophisticatedbackpacks:gold_backpack":2,"minecraft:charcoal":2,"minecraft:coarse_dirt":3,"minecraft:crafting_table":7,"minecraft:azure_bluet":2,"minecraft:sandstone_slab":1,"minecraft:clay_ball":128,"minecraft:ladder":2,"minecraft:brown_mushroom":69,"minecraft:shield":2,"minecraft:acacia_door":1,"minecraft:moss_carpet":1,"minecraft:iron_axe":1,"artifacts:feral_claws":1,"tacz:ammo":240,"minecraft:iron_shovel":4,"minecraft:birch_fence":13,"minecraft:beef":47,"alexsmobs:elastic_tendon":1,"minecraft:lectern":1,"supplementaries:cage":18,"minecraft:chest":1,"minecraft:birch_sapling":19,"minecraft:stripped_crimson_hyphae":1,"minecraft:raw_iron":120,"minecraft:sandstone":2,"projectvibrantjourneys:bark_mushroom":22,"minecraft:bowl":4,"sophisticatedbackpacks:backpack":2,"pointblank:gunmetal_nugget":58,"minecraft:prismarine_crystals":13,"minecraft:arrow":23,"k_turrets:raw_titanium":1,"minecraft:hay_block":17,"minecraft:mutton":7,"minecraft:skeleton_skull":1,"minecraft:stripped_oak_log":11,"minecraft:salmon":11,"dweller_dweller:dweller_dweller_tooth":2,"minecraft:leather":8,"minecraft:red_mushroom":31,"mutantmonsters:mutant_skeleton_chestplate":1,"minecraft:oak_log":1462,"minecraft:lily_pad":1,"create:blaze_burner":1,"minecraft:gunpowder":5,"alexsmobs:mosquito_proboscis":1,"minecraft:apple":100,"minecraft:kelp":9,"projectvibrantjourneys:small_cactus":1,"minecraft:iron_ingot":37,"minecraft:acacia_sapling":3,"minecraft:iron_sword":1,"minecraft:book":30,"projectvibrantjourneys:light_brown_bark_mushroom":28,"minecraft:pumpkin":9,"minecraft:red_wool":3,"minecraft:gravel":119,"minecraft:white_bed":1,"minecraft:crying_obsidian":2,"minecraft:spider_eye":2,"minecraft:slime_ball":1,"minecraft:white_concrete_powder":640,"tacz:modern_kinetic_gun":5,"minecraft:cherry_sapling":1,"minecraft:iron_helmet":3,"minecraft:diamond_axe":2,"mutantmonsters:mutant_skeleton_boots":1,"minecraft:terracotta":3,"projectvibrantjourneys:orange_bark_mushroom":17,"minecraft:black_wool":2,"minecraft:coal":274,"minecraft:ender_pearl":3}},"DataVersion":3465}